{"type":"FeatureCollection","features":[{"type":"Feature","properties":{"Count":1,"Hospital":"Deleon Hospital","Address":"407 S TEXAS","City":"De Leon","State":"TX","Zip":76444,"RUCA":10,"CBSA":"Neither","Medicare Payment":"CAH","Beds":14,"ClosureMonth":"July","ClosureYear":2005},"geometry":{"type":"Point","coordinates":[-98.53795,32.10594]}},{"type":"Feature","properties":{"Count":2,"Hospital":"Fayette Memorial Hospital","Address":"543 N JACKSON","City":"La Grange","State":"TX","Zip":78945,"RUCA":7,"CBSA":"Neither","Medicare Payment":"PPS","Beds":24,"ClosureMonth":"July","ClosureYear":2005},"geometry":{"type":"Point","coordinates":[-96.87576,29.91211]}},{"type":"Feature","properties":{"Count":3,"Hospital":"The Hospital","Address":"43 PEARL STREET WEST","City":"Sidney","State":"NY","Zip":13838,"RUCA":7.2,"CBSA":"Neither","Medicare Payment":"MDH","Beds":45,"ClosureMonth":"August","ClosureYear":2005},"geometry":{"type":"Point","coordinates":[-75.39552,42.30417]}},{"type":"Feature","properties":{"Count":4,"Hospital":"Kings Daughters Hospital-Greenville","Address":"300 SOUTH WASHINGTON AVENUE","City":"Greenville","State":"MS","Zip":38701,"RUCA":4,"CBSA":"Micro","Medicare Payment":"PPS","Beds":99,"ClosureMonth":"March","ClosureYear":2005},"geometry":{"type":"Point","coordinates":[-91.05104,33.40362]}},{"type":"Feature","properties":{"Count":5,"Hospital":"Minnewaska District Hosp","Address":"610 W 6TH ST PO BOX 160","City":"Starbuck","State":"MN","Zip":56381,"RUCA":10,"CBSA":"Neither","Medicare Payment":"CAH","Beds":19,"ClosureMonth":"June","ClosureYear":2005},"geometry":{"type":"Point","coordinates":[-95.53985,45.61279]}},{"type":"Feature","properties":{"Count":6,"Hospital":"Cornerstone Healthcare Of Illinois","Address":"400 PLUM STREET","City":"Carmi","State":"IL","Zip":62821,"RUCA":7,"CBSA":"Neither","Medicare Payment":"CAH","Beds":25,"ClosureMonth":"December","ClosureYear":2005},"geometry":{"type":"Point","coordinates":[-88.1655,38.08308]}},{"type":"Feature","properties":{"Count":7,"Hospital":"Gadsden Community Hospital","Address":"23186 BLUE STAR HWY","City":"Quincy","State":"FL","Zip":32351,"RUCA":2,"CBSA":" Metro","Medicare Payment":"CAH","Beds":25,"ClosureMonth":"November","ClosureYear":2005},"geometry":{"type":"Point","coordinates":[-84.54877,30.56947]}},{"type":"Feature","properties":{"Count":8,"Hospital":"Gulf Pines Hospital","Address":"102 20TH ST","City":"Port Saint Joe","State":"FL","Zip":32456,"RUCA":7.1,"CBSA":"Metro","Medicare Payment":"PPS","Beds":45,"ClosureMonth":"March","ClosureYear":2005},"geometry":{"type":"Point","coordinates":[-85.29985,29.79641]}},{"type":"Feature","properties":{"Count":9,"Hospital":"Newport Hosp And Clinic","Address":"2000 MCLAIN STREEET","City":"Newport","State":"AR","Zip":72112,"RUCA":7,"CBSA":"Neither","Medicare Payment":"PPS","Beds":86,"ClosureMonth":"October","ClosureYear":2005},"geometry":{"type":"Point","coordinates":[-91.25685,35.60909]}},{"type":"Feature","properties":{"Count":10,"Hospital":"Guyan Valley Hospital","Address":"396 DINGESS ST","City":"Logan","State":"WV","Zip":25601,"RUCA":2,"CBSA":"Micro","Medicare Payment":"CAH","Beds":8,"ClosureMonth":"December","ClosureYear":2006},"geometry":{"type":"Point","coordinates":[-81.99303,37.84898]}},{"type":"Feature","properties":{"Count":11,"Hospital":"Philipsburg Area Hospital","Address":"210 LOCH LOMOND ROAD","City":"Philipsburg","State":"PA","Zip":16866,"RUCA":2,"CBSA":"Metro","Medicare Payment":"CAH","Beds":25,"ClosureMonth":"April","ClosureYear":2006},"geometry":{"type":"Point","coordinates":[-78.20778,40.90588]}},{"type":"Feature","properties":{"Count":12,"Hospital":"Mission Family Health Center (Yancey Community Medical Ctr)","Address":"320 PENSACOLA ROAD","City":"Burnsville","State":"NC","Zip":28714,"RUCA":2,"CBSA":"Neither","Medicare Payment":"CAH","Beds":6,"ClosureMonth":"September","ClosureYear":2006},"geometry":{"type":"Point","coordinates":[-82.29022,35.91117]}},{"type":"Feature","properties":{"Count":13,"Hospital":"Good Hope Hospital","Address":"410 DENIM DR  PO BOX 668","City":"Erwin","State":"NC","Zip":28339,"RUCA":4.3,"CBSA":"Micro","Medicare Payment":"PPS","Beds":43,"ClosureMonth":"April","ClosureYear":2006},"geometry":{"type":"Point","coordinates":[-78.66967,35.32728]}},{"type":"Feature","properties":{"Count":14,"Hospital":"Leelanau Memorial Health Center","Address":"215 S HIGH ST","City":"Northport","State":"MI","Zip":49670,"RUCA":10,"CBSA":"Micro","Medicare Payment":"CAH","Beds":23,"ClosureMonth":"September","ClosureYear":2006},"geometry":{"type":"Point","coordinates":[-85.61981,45.12628]}},{"type":"Feature","properties":{"Count":15,"Hospital":"Cedar Vale Community Hospital","Address":"501 CEDAR ST P O BOX 398","City":"Cedar Vale","State":"KS","Zip":67024,"RUCA":10,"CBSA":"Neither","Medicare Payment":"CAH","Beds":25,"ClosureMonth":"August","ClosureYear":2006},"geometry":{"type":"Point","coordinates":[-96.49819,37.10386]}},{"type":"Feature","properties":{"Count":16,"Hospital":"Dos Palos Memorial Hospital","Address":"2118 MARGUERITE ST","City":"Dos Palos","State":"CA","Zip":93620,"RUCA":7.2,"CBSA":"Metro","Medicare Payment":"PPS","Beds":17,"ClosureMonth":"June","ClosureYear":2006},"geometry":{"type":"Point","coordinates":[-120.62932,36.98679]}},{"type":"Feature","properties":{"Count":17,"Hospital":"Chowchilla District Mem Hospital","Address":"1104 VENTURA AVENUE","City":"Chowchilla","State":"CA","Zip":93610,"RUCA":4,"CBSA":"Metro","Medicare Payment":"PPS","Beds":24,"ClosureMonth":"June","ClosureYear":2006},"geometry":{"type":"Point","coordinates":[-120.27325,37.12102]}},{"type":"Feature","properties":{"Count":18,"Hospital":"PHS Indian Hospital at Sisseton","Address":"5 Chestnut St","City":"Sisseton","State":"SD","Zip":57262,"RUCA":10,"CBSA":"Neither","Medicare Payment":"IHS","Beds":18,"ClosureMonth":"October","ClosureYear":2006},"geometry":{"type":"Point","coordinates":[-97.05101,45.66734]}},{"type":"Feature","properties":{"Count":19,"Hospital":"USPHS Clinton Indian Hospital","Address":"RT 4 Box 213","City":"Clinton","State":"OK","Zip":73601,"RUCA":7,"CBSA":"Micro","Medicare Payment":"IHS","Beds":11,"ClosureMonth":"January","ClosureYear":2007},"geometry":{"type":"Point","coordinates":[-98.97692,35.49882]}},{"type":"Feature","properties":{"Count":20,"Hospital":"St Lukes Hospital","Address":"1333 SOUTHVIEW DRIVE POB 1190","City":"Bluefield","State":"WV","Zip":24701,"RUCA":4,"CBSA":"Micro","Medicare Payment":"MDH","Beds":79,"ClosureMonth":"May","ClosureYear":2007},"geometry":{"type":"Point","coordinates":[-81.23092,37.24263]}},{"type":"Feature","properties":{"Count":21,"Hospital":"Five Counties Hospital - Critical Access Hospital","Address":"405 SIXTH AVENUE WEST","City":"Lemmon","State":"SD","Zip":57638,"RUCA":10,"CBSA":"Neither","Medicare Payment":"CAH","Beds":4,"ClosureMonth":"October","ClosureYear":2007},"geometry":{"type":"Point","coordinates":[-102.16862,45.94045]}},{"type":"Feature","properties":{"Count":22,"Hospital":"Pawnee Municipal Hospital","Address":"1212 FOURTH STREET","City":"Pawnee","State":"OK","Zip":74058,"RUCA":10,"CBSA":"Metro","Medicare Payment":"PPS","Beds":25,"ClosureMonth":"August","ClosureYear":2007},"geometry":{"type":"Point","coordinates":[-96.80073,36.33031]}},{"type":"Feature","properties":{"Count":23,"Hospital":"Frye Regional Medical Center Alexander Campus","Address":"326 THIRD STREET SW","City":"Taylorsville","State":"NC","Zip":28681,"RUCA":2,"CBSA":"Metro","Medicare Payment":"CAH","Beds":23,"ClosureMonth":"February","ClosureYear":2007},"geometry":{"type":"Point","coordinates":[-81.17803,35.91703]}},{"type":"Feature","properties":{"Count":24,"Hospital":"Owyhee Community Health Facility","Address":"PO BOX 130","City":"Owyhee","State":"NV","Zip":89832,"RUCA":10,"CBSA":"Micro","Medicare Payment":"CAH","Beds":15,"ClosureMonth":"November","ClosureYear":2007},"geometry":{"type":"Point","coordinates":[-116.09794,41.94687]}},{"type":"Feature","properties":{"Count":25,"Hospital":"Divine Providence Health Center","Address":"312 E GEORGE ST, BOX 136","City":"Ivanhoe","State":"MN","Zip":56142,"RUCA":10,"CBSA":"Neither","Medicare Payment":"CAH","Beds":18,"ClosureMonth":"March","ClosureYear":2007},"geometry":{"type":"Point","coordinates":[-96.2459,44.45916]}},{"type":"Feature","properties":{"Count":26,"Hospital":"St Joseph's Hospital Of Huntingburg","Address":"1900 MEDICAL ARTS DRIVE","City":"Huntingburg","State":"IN","Zip":47542,"RUCA":5,"CBSA":"Micro","Medicare Payment":"CAH","Beds":25,"ClosureMonth":"January","ClosureYear":2007},"geometry":{"type":"Point","coordinates":[-86.95745,38.31345]}},{"type":"Feature","properties":{"Count":27,"Hospital":"Tuolumne General Hosp","Address":"101 E HOSPITAL ROAD","City":"Sonora","State":"CA","Zip":95370,"RUCA":4,"CBSA":"Micro","Medicare Payment":"PPS","Beds":80,"ClosureMonth":"June","ClosureYear":2007},"geometry":{"type":"Point","coordinates":[-120.37782,37.9745]}},{"type":"Feature","properties":{"Count":28,"Hospital":"Ft Yuma PHS Indian Hosp","Address":"PO BOX 1368","City":"Yuma","State":"AZ","Zip":85366,"RUCA":1,"CBSA":"Metro","Medicare Payment":"CAH","Beds":15,"ClosureMonth":"June","ClosureYear":2007},"geometry":{"type":"Point","coordinates":[-114.62464,32.68712]}},{"type":"Feature","properties":{"Count":29,"Hospital":"Richwood Area Community Hospital","Address":"RIVERSIDE ADDITION","City":"Richwood","State":"WV","Zip":26261,"RUCA":8.1,"CBSA":"Neither","Medicare Payment":"CAH","Beds":25,"ClosureMonth":"June","ClosureYear":2008},"geometry":{"type":"Point","coordinates":[-80.54414,38.21867]}},{"type":"Feature","properties":{"Count":30,"Hospital":"Deer Park Hospital","Address":"1015 EAST D STREET","City":"Deer Park","State":"WA","Zip":99006,"RUCA":2,"CBSA":"Metro","Medicare Payment":"CAH","Beds":25,"ClosureMonth":"March","ClosureYear":2008},"geometry":{"type":"Point","coordinates":[-117.46136,47.95132]}},{"type":"Feature","properties":{"Count":31,"Hospital":"Dickerson Memorial Hospital","Address":"1001 DICKERSON DRIVE","City":"Jasper","State":"TX","Zip":75951,"RUCA":7,"CBSA":"Neither","Medicare Payment":"PPS","Beds":24,"ClosureMonth":"July","ClosureYear":2008},"geometry":{"type":"Point","coordinates":[-93.99234,30.90733]}},{"type":"Feature","properties":{"Count":32,"Hospital":"Taylor Telfair Regional Hospital","Address":"HIGHWAY 341","City":"McRae","State":"GA","Zip":31055,"RUCA":7,"CBSA":"Neither","Medicare Payment":"CAH","Beds":15,"ClosureMonth":"April","ClosureYear":2008},"geometry":{"type":"Point","coordinates":[-82.89537,32.06747]}},{"type":"Feature","properties":{"Count":33,"Hospital":"Trinity Community Hospital","Address":"506 NW 4TH ST","City":"Jasper","State":"FL","Zip":32052,"RUCA":7.1,"CBSA":"Neither","Medicare Payment":"PPS","Beds":42,"ClosureMonth":"August","ClosureYear":2008},"geometry":{"type":"Point","coordinates":[-82.95183,30.52186]}},{"type":"Feature","properties":{"Count":34,"Hospital":"Indian Valley Hospital","Address":"184 HOT SPRINGS ROAD","City":"Greenville","State":"CA","Zip":95947,"RUCA":8,"CBSA":"Neither","Medicare Payment":"SCH","Beds":26,"ClosureMonth":"April","ClosureYear":2008},"geometry":{"type":"Point","coordinates":[-120.93673,40.14027]}},{"type":"Feature","properties":{"Count":35,"Hospital":"Richardton Health Center","Address":"212 3RD AVE WEST","City":"Richardton","State":"ND","Zip":58652,"RUCA":10,"CBSA":"Micro","Medicare Payment":"CAH","Beds":25,"ClosureMonth":"April","ClosureYear":2009},"geometry":{"type":"Point","coordinates":[-102.31759,46.88838]}},{"type":"Feature","properties":{"Count":36,"Hospital":"Crawley Memorial Hospital","Address":"315 W COLLEGE AVE","City":"Boiling Springs","State":"NC","Zip":28017,"RUCA":5,"CBSA":"Micro","Medicare Payment":"MDH","Beds":60,"ClosureMonth":"December","ClosureYear":2009},"geometry":{"type":"Point","coordinates":[-81.67677,35.25022]}},{"type":"Feature","properties":{"Count":37,"Hospital":"Albert Lindley Lee Memorial Hospital","Address":"510 SOUTH FOURTH STREET","City":"Fulton","State":"NY","Zip":13069,"RUCA":4.1,"CBSA":"Metro","Medicare Payment":"PPS","Beds":67,"ClosureMonth":"April","ClosureYear":2009},"geometry":{"type":"Point","coordinates":[-76.40669,43.31494]}},{"type":"Feature","properties":{"Count":38,"Hospital":"Amsterdam Memorial Hospital","Address":"4988 STATE HIGHWAY 30","City":"Amsterdam","State":"NY","Zip":12010,"RUCA":2,"CBSA":"Micro","Medicare Payment":"PPS","Beds":24,"ClosureMonth":"June","ClosureYear":2009},"geometry":{"type":"Point","coordinates":[-74.18714,42.95892]}},{"type":"Feature","properties":{"Count":39,"Hospital":"Wm B Kessler Memorial Hospital","Address":"600 SO WHITE HORSE PIKE","City":"Hammonton","State":"NJ","Zip":8037,"RUCA":4.1,"CBSA":"Metro","Medicare Payment":"PPS","Beds":83,"ClosureMonth":"March","ClosureYear":2009},"geometry":{"type":"Point","coordinates":[-74.77148,39.63188]}},{"type":"Feature","properties":{"Count":40,"Hospital":"Doctors Hospital Of Opelousas","Address":"3983 I 49 SOUTH SERVICE ROAD","City":"Opelousas","State":"LA","Zip":70570,"RUCA":2,"CBSA":"Micro","Medicare Payment":"PPS","Beds":117,"ClosureMonth":"April","ClosureYear":2009},"geometry":{"type":"Point","coordinates":[-92.07909,30.47194]}},{"type":"Feature","properties":{"Count":41,"Hospital":"Jenkins Community Hospital","Address":"9480 HIGHWAY 805","City":"Jenkins","State":"KY","Zip":41537,"RUCA":5,"CBSA":"Neither","Medicare Payment":"CAH","Beds":25,"ClosureMonth":"May","ClosureYear":2009},"geometry":{"type":"Point","coordinates":[-82.64663,37.18677]}},{"type":"Feature","properties":{"Count":42,"Hospital":"N M  Holderman Memorial Hospital","Address":"260 CALIFORNIA DR","City":"Yountville","State":"CA","Zip":94599,"RUCA":7.1,"CBSA":"Metro","Medicare Payment":"PPS","Beds":20,"ClosureMonth":"August","ClosureYear":2009},"geometry":{"type":"Point","coordinates":[-122.36452,38.39411]}},{"type":"Feature","properties":{"Count":43,"Hospital":"Pike County Hospital","Address":"315 E 13TH ST","City":"Murfreesboro","State":"AR","Zip":71958,"RUCA":10,"CBSA":"Neither","Medicare Payment":"MDH","Beds":32,"ClosureMonth":"November","ClosureYear":2009},"geometry":{"type":"Point","coordinates":[-93.68692,34.07094]}},{"type":"Feature","properties":{"Count":44,"Hospital":"Woodland Medical Ctr","Address":"1910 CHEROKEE AVENUE SW","City":"Cullman","State":"AL","Zip":35055,"RUCA":4,"CBSA":"Micro","Medicare Payment":"MDH","Beds":50,"ClosureMonth":"July","ClosureYear":2009},"geometry":{"type":"Point","coordinates":[-86.84388,34.15045]}},{"type":"Feature","properties":{"Count":45,"Hospital":"Holy Infant Hospital","Address":"512 MAIN STREET, BOX 158","City":"Hoven","State":"SD","Zip":57450,"RUCA":10,"CBSA":"Neither","Medicare Payment":"SCH","Beds":22,"ClosureMonth":"October","ClosureYear":2010},"geometry":{"type":"Point","coordinates":[-99.77651,45.24008]}},{"type":"Feature","properties":{"Count":46,"Hospital":"Lakeside Medical Center","Address":"129 6TH AVE SE","City":"Pine City","State":"MN","Zip":55063,"RUCA":7.1,"CBSA":"Neither","Medicare Payment":"PPS","Beds":10,"ClosureMonth":"December","ClosureYear":2010},"geometry":{"type":"Point","coordinates":[-92.96447,45.82371]}},{"type":"Feature","properties":{"Count":47,"Hospital":"Kingsburg Medical Center","Address":"1200 SMITH ST","City":"Kingsburg","State":"CA","Zip":93631,"RUCA":4.1,"CBSA":"Metro","Medicare Payment":"PPS","Beds":15,"ClosureMonth":"May","ClosureYear":2010},"geometry":{"type":"Point","coordinates":[-119.54828,36.51331]}},{"type":"Feature","properties":{"Count":48,"Hospital":"Franciscan Skemp Medical Center","Address":"464 S ST JOSEPH AVE","City":"Arcadia","State":"WI","Zip":54612,"RUCA":7,"CBSA":"Neither","Medicare Payment":"CAH","Beds":25,"ClosureMonth":"March","ClosureYear":2011},"geometry":{"type":"Point","coordinates":[-91.49706,44.24728]}},{"type":"Feature","properties":{"Count":49,"Hospital":"Central Kansas Med Ctr","Address":"3515 BROADWAY ST","City":"Great Bend","State":"KS","Zip":67530,"RUCA":4,"CBSA":"Micro","Medicare Payment":"SCH","Beds":41,"ClosureMonth":"April","ClosureYear":2011},"geometry":{"type":"Point","coordinates":[-98.78359,38.36648]}},{"type":"Feature","properties":{"Count":50,"Hospital":"Hualapai Mountain Medical Center","Address":"3801 SANTA ROSA DRIVE","City":"Kingman","State":"AZ","Zip":86401,"RUCA":4,"CBSA":"Metro","Medicare Payment":"PPS","Beds":70,"ClosureMonth":"September","ClosureYear":2011},"geometry":{"type":"Point","coordinates":[-113.98565,35.21914]}},{"type":"Feature","properties":{"Count":51,"Hospital":"Randolph Medical Ctr","Address":"59928 HIGHWAY 22   P O BOX 670","City":"Roanoke","State":"AL","Zip":36274,"RUCA":7.2,"CBSA":"Neither","Medicare Payment":"CAH","Beds":12,"ClosureMonth":"March","ClosureYear":2011},"geometry":{"type":"Point","coordinates":[-85.38791,33.15878]}},{"type":"Feature","properties":{"Count":52,"Hospital":"SW Alabama Med Ctr","Address":"33700 HIGHWAY 43","City":"Thomasville","State":"AL","Zip":36784,"RUCA":7.1,"CBSA":"Neither","Medicare Payment":"PPS","Beds":27,"ClosureMonth":"August","ClosureYear":2011},"geometry":{"type":"Point","coordinates":[-87.73815,31.93166]}},{"type":"Feature","properties":{"Count":53,"Hospital":"Bamberg County Memorial Hospital","Address":"509 NORTH STREET","City":"Bamberg","State":"SC","Zip":29003,"RUCA":7.2,"CBSA":"Neither","Medicare Payment":"PPS","Beds":59,"ClosureMonth":"April","ClosureYear":2012},"geometry":{"type":"Point","coordinates":[-81.0285,33.30778]}},{"type":"Feature","properties":{"Count":54,"Hospital":"Saint Catherine Medical Center Fountain Springs","Address":"101 BROAD STREET","City":"Ashland","State":"PA","Zip":17921,"RUCA":7.2,"CBSA":"Micro","Medicare Payment":"PPS","Beds":53,"ClosureMonth":"April","ClosureYear":2012},"geometry":{"type":"Point","coordinates":[-76.33076,40.77157]}},{"type":"Feature","properties":{"Count":55,"Hospital":"Muskogee Community Hospital","Address":"2900 NORTH MAIN STREET","City":"Muskogee","State":"OK","Zip":74402,"RUCA":4,"CBSA":"Micro","Medicare Payment":"PPS","Beds":45,"ClosureMonth":"July","ClosureYear":2012},"geometry":{"type":"Point","coordinates":[-95.35631,35.78258]}},{"type":"Feature","properties":{"Count":56,"Hospital":"Physicians Choice Hospital-Fremont","Address":"2390 ENTERPRISE DRIVE","City":"Fremont","State":"OH","Zip":43420,"RUCA":4,"CBSA":"Micro","Medicare Payment":"PPS","Beds":8,"ClosureMonth":"March","ClosureYear":2012},"geometry":{"type":"Point","coordinates":[-83.11474,41.3755]}},{"type":"Feature","properties":{"Count":57,"Hospital":"Cheboygan Memorial Hospital","Address":"748 S MAIN","City":"Cheboygan","State":"MI","Zip":49721,"RUCA":7,"CBSA":"Neither","Medicare Payment":"CAH","Beds":25,"ClosureMonth":"April","ClosureYear":2012},"geometry":{"type":"Point","coordinates":[-84.48227,45.63165]}},{"type":"Feature","properties":{"Count":58,"Hospital":"Hart County Hospital","Address":"138 W GIBSON STREET,  P O BOX 280","City":"Hartwell","State":"GA","Zip":30643,"RUCA":7,"CBSA":"Neither","Medicare Payment":"MDH","Beds":82,"ClosureMonth":"May","ClosureYear":2012},"geometry":{"type":"Point","coordinates":[-82.9388,34.34576]}},{"type":"Feature","properties":{"Count":59,"Hospital":"Florence Community Healthcare","Address":"450 WEST ADAMSVILLE ROAD","City":"Florence","State":"AZ","Zip":85132,"RUCA":4.1,"CBSA":"Metro","Medicare Payment":"CAH","Beds":25,"ClosureMonth":"June","ClosureYear":2012},"geometry":{"type":"Point","coordinates":[-111.39368,33.02685]}},{"type":"Feature","properties":{"Count":60,"Hospital":"Riverview Regional Medical Center South","Address":"130 LEBANON HIGHWAY","City":"Carthage","State":"TN","Zip":37030,"RUCA":5,"CBSA":"Metro","Medicare Payment":"CAH","Beds":25,"ClosureMonth":"August","ClosureYear":2012},"geometry":{"type":"Point","coordinates":[-85.97304,36.25859]}},{"type":"Feature","properties":{"Count":61,"Hospital":"Chilton Medical Center","Address":"1010 LAY DAM ROAD","City":"Clanton","State":"AL","Zip":35045,"RUCA":7.1,"CBSA":"Metro","Medicare Payment":"PPS","Beds":27,"ClosureMonth":"November","ClosureYear":2012},"geometry":{"type":"Point","coordinates":[-86.62167,32.85432]}},{"type":"Feature","properties":{"Count":62,"Hospital":"Florala Mem Hospital","Address":"1901 DOCTORS HOSPITAL DRIVE","City":"Florala","State":"AL","Zip":36442,"RUCA":3,"CBSA":"Neither","Medicare Payment":"PPS","Beds":22,"ClosureMonth":"December","ClosureYear":2013},"geometry":{"type":"Point","coordinates":[-97.76197,33.22032]}},{"type":"Feature","properties":{"Count":63,"Hospital":"Lee Regional Medical Center","Address":"127 HEALTH CARE DRIVE","City":"Pennington Gap","State":"VA","Zip":24277,"RUCA":10.1,"CBSA":"Neither","Medicare Payment":"MDH","Beds":70,"ClosureMonth":"October","ClosureYear":2013},"geometry":{"type":"Point","coordinates":[-83.05175,36.74863]}},{"type":"Feature","properties":{"Count":64,"Hospital":"Shelby Regional Medical Center","Address":"602 HURST STREET","City":"Center","State":"TX","Zip":75935,"RUCA":7.2,"CBSA":"Neither","Medicare Payment":"PPS","Beds":54,"ClosureMonth":"July","ClosureYear":2013},"geometry":{"type":"Point","coordinates":[-94.18919,31.79604]}},{"type":"Feature","properties":{"Count":65,"Hospital":"Renaissance Hospital Terrell","Address":"1551 HWY 34 S","City":"Terrell","State":"TX","Zip":75160,"RUCA":4.1,"CBSA":"Metro","Medicare Payment":"PPS","Beds":106,"ClosureMonth":"February","ClosureYear":2013},"geometry":{"type":"Point","coordinates":[-96.27918,32.71068]}},{"type":"Feature","properties":{"Count":66,"Hospital":"Starr Regional Medical Ctr","Address":"886 HIGHWAY 411 NORTH","City":"Etowah","State":"TN","Zip":37331,"RUCA":7.2,"CBSA":"Micro","Medicare Payment":"MDH","Beds":60,"ClosureMonth":"December","ClosureYear":2013},"geometry":{"type":"Point","coordinates":[-84.52279,35.34518]}},{"type":"Feature","properties":{"Count":67,"Hospital":"Blowing Rock Hospital","Address":"418 CHESTNUT DRIVE","City":"Blowing Rock","State":"NC","Zip":28605,"RUCA":10.1,"CBSA":"Micro","Medicare Payment":"CAH","Beds":25,"ClosureMonth":"October","ClosureYear":2013},"geometry":{"type":"Point","coordinates":[-81.67667,36.12848]}},{"type":"Feature","properties":{"Count":68,"Hospital":"Patient’s Choice Medical Center of Humphreys Co","Address":"500 CCC ROAD","City":"Belzoni","State":"MS","Zip":39038,"RUCA":7.2,"CBSA":"Neither","Medicare Payment":"CAH","Beds":25,"ClosureMonth":"August","ClosureYear":2013},"geometry":{"type":"Point","coordinates":[-90.48002,33.20492]}},{"type":"Feature","properties":{"Count":69,"Hospital":"St. Andrews Hospital","Address":"35 MILES STREET","City":"Boothbay Harbor","State":"ME","Zip":4543,"RUCA":10,"CBSA":"Neither","Medicare Payment":"CAH","Beds":25,"ClosureMonth":"October","ClosureYear":2013},"geometry":{"type":"Point","coordinates":[-69.62066,43.84938]}},{"type":"Feature","properties":{"Count":70,"Hospital":"Stewart-Webster Hosp","Address":"580 ALSTON STREET","City":"Richland","State":"GA","Zip":31825,"RUCA":10.1,"CBSA":"Neither","Medicare Payment":"CAH","Beds":25,"ClosureMonth":"March","ClosureYear":2013},"geometry":{"type":"Point","coordinates":[-84.66027,32.08639]}},{"type":"Feature","properties":{"Count":71,"Hospital":"Charlton Mem Hospital","Address":"2449 THIRD STREET","City":"Folkston","State":"GA","Zip":31537,"RUCA":2,"CBSA":"Neither","Medicare Payment":"CAH","Beds":15,"ClosureMonth":"August","ClosureYear":2013},"geometry":{"type":"Point","coordinates":[-82.00497,30.84522]}},{"type":"Feature","properties":{"Count":72,"Hospital":"Calhoun Mem Hospital","Address":"55 J E JENNINGS AVE, PO DRAWER R","City":"Arlington","State":"GA","Zip":39813,"RUCA":2,"CBSA":"Neither","Medicare Payment":"CAH","Beds":25,"ClosureMonth":"March","ClosureYear":2013},"geometry":{"type":"Point","coordinates":[-84.72155,31.43562]}},{"type":"Feature","properties":{"Count":73,"Hospital":"Corcoran District Hosp","Address":"1310 HANNA AVE","City":"Corcoran","State":"CA","Zip":93212,"RUCA":4.1,"CBSA":"Metro","Medicare Payment":"PPS","Beds":32,"ClosureMonth":"March","ClosureYear":2013},"geometry":{"type":"Point","coordinates":[-119.56398,36.09986]}},{"type":"Feature","properties":{"Count":74,"Hospital":"Wise Regional Health System-Bridgeport","Address":"24273 FIFTH AVENUE","City":"Bridgeport","State":"TX","Zip":76426,"RUCA":7,"CBSA":"Metro","Medicare Payment":"PPS","Beds":36,"ClosureMonth":"December","ClosureYear":2013},"geometry":{"type":"Point","coordinates":[-97.68683,33.14927]}},{"type":"Feature","properties":{"Count":75,"Hospital":"Elba General Hospital","Address":"987 DRAYTON STREET","City":"Elba","State":"AL","Zip":36323,"RUCA":10.2,"CBSA":"Micro","Medicare Payment":"MDH","Beds":20,"ClosureMonth":"February","ClosureYear":2013},"geometry":{"type":"Point","coordinates":[-86.07641,31.42915]}},{"type":"Feature","properties":{"Count":76,"Hospital":"Good Shepherd Med Ctr ","Address":"404 NORTH KAUFMAN STREET","City":"Linden","State":"TX","Zip":75563,"RUCA":10.1,"CBSA":"Neither","Medicare Payment":"CAH","Beds":25,"ClosureMonth":"April","ClosureYear":2014},"geometry":{"type":"Point","coordinates":[-94.36463,33.01154]}},{"type":"Feature","properties":{"Count":77,"Hospital":"East Texas Medical Center Gilmer","Address":"712 NORTH WOOD","City":"Gilmer","State":"TX","Zip":75644,"RUCA":7.1,"CBSA":"Metro","Medicare Payment":"PPS","Beds":37,"ClosureMonth":"October","ClosureYear":2014},"geometry":{"type":"Point","coordinates":[-94.94352,32.73519]}},{"type":"Feature","properties":{"Count":78,"Hospital":"East Texas Medical Center Mount Vernon","Address":"500 S STATE HWY 37","City":"Mt Vernon","State":"TX","Zip":75457,"RUCA":9,"CBSA":"Neither","Medicare Payment":"MDH","Beds":49,"ClosureMonth":"December","ClosureYear":2014},"geometry":{"type":"Point","coordinates":[-95.23882,33.14741]}},{"type":"Feature","properties":{"Count":79,"Hospital":"Lake Whitney Med Ctr","Address":"200 N SAN JACINTO STREET","City":"Whitney","State":"TX","Zip":76692,"RUCA":10.1,"CBSA":"Neither","Medicare Payment":"MDH","Beds":49,"ClosureMonth":"March","ClosureYear":2014},"geometry":{"type":"Point","coordinates":[-97.31978,31.95092]}},{"type":"Feature","properties":{"Count":80,"Hospital":"East Texas Medical Center Clarksville","Address":"3000 W MAIN ST","City":"Clarksville","State":"TX","Zip":75426,"RUCA":7.2,"CBSA":"Neither","Medicare Payment":"MDH","Beds":43,"ClosureMonth":"December","ClosureYear":2014},"geometry":{"type":"Point","coordinates":[-95.09922,33.61163]}},{"type":"Feature","properties":{"Count":81,"Hospital":"Haywood Park Community Hospital","Address":"2545 N WASHINGTON AVE","City":"Brownsville","State":"TN","Zip":38012,"RUCA":7.1,"CBSA":"Neither","Medicare Payment":"MDH","Beds":36,"ClosureMonth":"July","ClosureYear":2014},"geometry":{"type":"Point","coordinates":[-89.24309,35.6104]}},{"type":"Feature","properties":{"Count":82,"Hospital":"Humboldt General Hosp","Address":"3525 CHERE CAROL RD","City":"Humboldt","State":"TN","Zip":38343,"RUCA":7.1,"CBSA":"Neither","Medicare Payment":"PPS","Beds":42,"ClosureMonth":"January","ClosureYear":2014},"geometry":{"type":"Point","coordinates":[-88.8955,35.81543]}},{"type":"Feature","properties":{"Count":83,"Hospital":"Gibson General Hospital","Address":"200 HOSPITAL DR","City":"Trenton","State":"TN","Zip":38382,"RUCA":7,"CBSA":"Neither","Medicare Payment":"MDH","Beds":41,"ClosureMonth":"January","ClosureYear":2014},"geometry":{"type":"Point","coordinates":[-88.93903,35.96292]}},{"type":"Feature","properties":{"Count":84,"Hospital":"Mid-Valley Hospital","Address":"1400 MAIN STREET","City":"Peckville","State":"PA","Zip":18452,"RUCA":1,"CBSA":"Metro","Medicare Payment":"CAH","Beds":25,"ClosureMonth":"June","ClosureYear":2014},"geometry":{"type":"Point","coordinates":[-75.5959,41.4808]}},{"type":"Feature","properties":{"Count":85,"Hospital":"Doctors Hospital of Nelsonville","Address":"1950 MOUNT ST MARYS DRIVE","City":"Nelsonville","State":"OH","Zip":45764,"RUCA":7.2,"CBSA":"Micro","Medicare Payment":"CAH","Beds":25,"ClosureMonth":"October","ClosureYear":2014},"geometry":{"type":"Point","coordinates":[-82.24317,39.4634]}},{"type":"Feature","properties":{"Count":86,"Hospital":"Vidant Pungo Hospital","Address":"210 EAST WATER ST","City":"Belhaven","State":"NC","Zip":27810,"RUCA":10.2,"CBSA":"Micro","Medicare Payment":"CAH","Beds":25,"ClosureMonth":"June","ClosureYear":2014},"geometry":{"type":"Point","coordinates":[-76.62292,35.53813]}},{"type":"Feature","properties":{"Count":87,"Hospital":"Tilden Community Hosp","Address":"P O BOX 340, 308 WEST 2ND","City":"Tilden","State":"NE","Zip":68781,"RUCA":10.2,"CBSA":"Neither","Medicare Payment":"CAH","Beds":20,"ClosureMonth":"June","ClosureYear":2014},"geometry":{"type":"Point","coordinates":[-97.83796,42.04742]}},{"type":"Feature","properties":{"Count":88,"Hospital":"Sac-Osage Hospital","Address":"700 GIESLER DRIVE","City":"Osceola","State":"MO","Zip":64776,"RUCA":9,"CBSA":"Neither","Medicare Payment":"SCH","Beds":47,"ClosureMonth":"September","ClosureYear":2014},"geometry":{"type":"Point","coordinates":[-93.68947,38.0516]}},{"type":"Feature","properties":{"Count":89,"Hospital":"North Adams Regional Hospital","Address":"71 HOSPITAL AVENUE","City":"North Adams","State":"MA","Zip":1247,"RUCA":4.1,"CBSA":"Metro","Medicare Payment":"MDH ","Beds":98,"ClosureMonth":"March","ClosureYear":2014},"geometry":{"type":"Point","coordinates":[-73.10929,42.70709]}},{"type":"Feature","properties":{"Count":90,"Hospital":"Nicholas County Hosp","Address":"2325 CONCRETE ROAD","City":"Carlisle","State":"KY","Zip":40311,"RUCA":10.2,"CBSA":"Neither","Medicare Payment":"CAH","Beds":16,"ClosureMonth":"May","ClosureYear":2014},"geometry":{"type":"Point","coordinates":[-84.05862,38.31492]}},{"type":"Feature","properties":{"Count":91,"Hospital":"Lower Oconee Community Hospital","Address":"111 N THIRD STREET","City":"Glenwood","State":"GA","Zip":30428,"RUCA":10.2,"CBSA":"Neither","Medicare Payment":"CAH","Beds":25,"ClosureMonth":"June","ClosureYear":2014},"geometry":{"type":"Point","coordinates":[-82.67201,32.18017]}},{"type":"Feature","properties":{"Count":92,"Hospital":"Hunt Regional Community Hospital of Commerce","Address":"2900 STERLING HART DRIVE","City":"Commerce","State":"TX","Zip":75428,"RUCA":7.2,"CBSA":"Metro","Medicare Payment":"CAH","Beds":24,"ClosureMonth":"May","ClosureYear":2015},"geometry":{"type":"Point","coordinates":[-95.89592,33.23045]}},{"type":"Feature","properties":{"Count":93,"Hospital":"Parkridge West Hospital","Address":"1000 HIGHWAY 28","City":"Jasper","State":"TN","Zip":37347,"RUCA":7.1,"CBSA":"Metro","Medicare Payment":"PPS","Beds":50,"ClosureMonth":"April","ClosureYear":2015},"geometry":{"type":"Point","coordinates":[-85.62964,35.04706]}},{"type":"Feature","properties":{"Count":94,"Hospital":"United Regional Medical Center","Address":"481 INTERSTATE DRIVE","City":"Manchester","State":"TN","Zip":37355,"RUCA":4,"CBSA":"Micro","Medicare Payment":"PPS","Beds":53,"ClosureMonth":"July","ClosureYear":2015},"geometry":{"type":"Point","coordinates":[-86.07838,35.49708]}},{"type":"Feature","properties":{"Count":95,"Hospital":"Marlboro Park Hospital","Address":"1138 CHERAW HIGHWAY","City":"Bennetsville","State":"SC","Zip":29512,"RUCA":4,"CBSA":"Micro","Medicare Payment":"PPS","Beds":94,"ClosureMonth":"April","ClosureYear":2015},"geometry":{"type":"Point","coordinates":[-79.69721,34.63628]}},{"type":"Feature","properties":{"Count":96,"Hospital":"Yadkin Valley Community Hospital","Address":"624 WEST MAIN ST","City":"Yadkinville","State":"NC","Zip":27055,"RUCA":2,"CBSA":"Metro","Medicare Payment":"CAH","Beds":15,"ClosureMonth":"May","ClosureYear":2015},"geometry":{"type":"Point","coordinates":[-80.67107,36.13515]}},{"type":"Feature","properties":{"Count":97,"Hospital":"Nye Regional Medical Ctr","Address":"825 ERIE MAIN ST (AKA SOUTH MAIN)","City":"Tonopah","State":"NV","Zip":89049,"RUCA":5,"CBSA":"Micro","Medicare Payment":"SCH","Beds":10,"ClosureMonth":"August","ClosureYear":2015},"geometry":{"type":"Point","coordinates":[-117.22246,38.06173]}},{"type":"Feature","properties":{"Count":98,"Hospital":"Parkland Health Center-Weber Road","Address":"1212 WEBER RD","City":"Farmington","State":"MO","Zip":63640,"RUCA":4.1,"CBSA":"Micro","Medicare Payment":"RRC","Beds":98,"ClosureMonth":"August","ClosureYear":2015},"geometry":{"type":"Point","coordinates":[-90.43978,37.80052]}},{"type":"Feature","properties":{"Count":99,"Hospital":"Pioneer Community Hospital of Newton","Address":"9421 EAST SIDE DRIVE EXTENSION, POB 299","City":"Newton","State":"MS","Zip":39345,"RUCA":7,"CBSA":"Neither","Medicare Payment":"CAH","Beds":21,"ClosureMonth":"December","ClosureYear":2015},"geometry":{"type":"Point","coordinates":[-89.12811,32.35627]}},{"type":"Feature","properties":{"Count":100,"Hospital":"Merit Health Natchez-Community Campus","Address":"129 JEFFERSON DAVIS BLVD BOX 1203","City":"Natchez","State":"MS","Zip":39120,"RUCA":4,"CBSA":"Micro","Medicare Payment":"PPS","Beds":101,"ClosureMonth":"November","ClosureYear":2015},"geometry":{"type":"Point","coordinates":[-91.38709,31.52466]}},{"type":"Feature","properties":{"Count":101,"Hospital":"Kilmichael Hospital","Address":"301 LAMAR AVENUE","City":"Kilmichael","State":"MS","Zip":39747,"RUCA":8,"CBSA":"Neither","Medicare Payment":"MDH","Beds":19,"ClosureMonth":"January","ClosureYear":2015},"geometry":{"type":"Point","coordinates":[-89.57272,33.44145]}},{"type":"Feature","properties":{"Count":102,"Hospital":"Albany Area Hospital","Address":"300 THIRD AVENUE","City":"Albany","State":"MN","Zip":56307,"RUCA":2,"CBSA":"Metro","Medicare Payment":"CAH","Beds":17,"ClosureMonth":"December","ClosureYear":2015},"geometry":{"type":"Point","coordinates":[-94.56703,45.63896]}},{"type":"Feature","properties":{"Count":103,"Hospital":"Southern Maine Health Care - Sanford Medical Center","Address":"25 JUNE STREET","City":"Sanford","State":"ME","Zip":4073,"RUCA":4.1,"CBSA":"Metro","Medicare Payment":"PPS","Beds":46,"ClosureMonth":"October","ClosureYear":2015},"geometry":{"type":"Point","coordinates":[-70.76713,43.44838]}},{"type":"Feature","properties":{"Count":104,"Hospital":"Novant Health Franklin Medical Center","Address":"100 HOSPITAL DR BOX 609","City":"Louisburg","State":"NC","Zip":27549,"RUCA":7,"CBSA":"Metro","Medicare Payment":"PPS","Beds":70,"ClosureMonth":"October","ClosureYear":2015},"geometry":{"type":"Point","coordinates":[-78.29377,36.11241]}},{"type":"Feature","properties":{"Count":105,"Hospital":"Parkview Adventist Medical Center","Address":"329 MAIN ST","City":"Brunswick","State":"ME","Zip":4011,"RUCA":4.1,"CBSA":"Metro","Medicare Payment":"PPS","Beds":55,"ClosureMonth":"June","ClosureYear":2015},"geometry":{"type":"Point","coordinates":[-69.89345,44.10449]}},{"type":"Feature","properties":{"Count":106,"Hospital":"Parkway Regional Hospital","Address":"2000 HOLIDAY LANE","City":"Fulton","State":"KY","Zip":42041,"RUCA":7.2,"CBSA":"Micro","Medicare Payment":"PPS","Beds":48,"ClosureMonth":"March","ClosureYear":2015},"geometry":{"type":"Point","coordinates":[-88.89648,36.51868]}},{"type":"Feature","properties":{"Count":107,"Hospital":"Mercy Hosp Independence","Address":"800 WEST MYRTLE STREET","City":"Independence","State":"KS","Zip":67301,"RUCA":7.2,"CBSA":"Micro","Medicare Payment":"PPS","Beds":41,"ClosureMonth":"October","ClosureYear":2015},"geometry":{"type":"Point","coordinates":[-95.71622,37.22453]}},{"type":"Feature","properties":{"Count":108,"Hospital":"Cochise Regional Hospital","Address":"2174 WEST OAK AVENUE","City":"Douglas","State":"AZ","Zip":85607,"RUCA":4,"CBSA":"Metro","Medicare Payment":"CAH","Beds":25,"ClosureMonth":"July","ClosureYear":2015},"geometry":{"type":"Point","coordinates":[-109.59518,31.36436]}},{"type":"Feature","properties":{"Count":109,"Hospital":"Nix Community General Hospital","Address":"230 WEST MILLER STREET","City":"Dilley","State":"TX","Zip":78017,"RUCA":7,"CBSA":"Neither","Medicare Payment":"PPS","Beds":18,"ClosureMonth":"September","ClosureYear":2016},"geometry":{"type":"Point","coordinates":[-99.1749,28.67096]}},{"type":"Feature","properties":{"Count":110,"Hospital":"Gulf Coast Medical Center","Address":"10141 US 59 NORTH","City":"Wharton","State":"TX","Zip":77488,"RUCA":7.1,"CBSA":"Micro","Medicare Payment":"PPS","Beds":94,"ClosureMonth":"November","ClosureYear":2016},"geometry":{"type":"Point","coordinates":[-96.133081,29.285646]}},{"type":"Feature","properties":{"Count":111,"Hospital":"Tennova Healthcare - McNairy Regional","Address":"705 E POPLAR AVE","City":"Selmer","State":"TN","Zip":38375,"RUCA":7,"CBSA":"Neither","Medicare Payment":"MDH","Beds":26,"ClosureMonth":"May","ClosureYear":2016},"geometry":{"type":"Point","coordinates":[-88.57433,35.16205]}},{"type":"Feature","properties":{"Count":112,"Hospital":"Southern Palmetto Hospital","Address":"811  REYNOLDS ROAD","City":"Barnwell","State":"SC","Zip":29812,"RUCA":7.1,"CBSA":"Neither","Medicare Payment":"SCH","Beds":30,"ClosureMonth":"January","ClosureYear":2016},"geometry":{"type":"Point","coordinates":[-81.36129,33.25555]}},{"type":"Feature","properties":{"Count":113,"Hospital":"Epic Medical Center","Address":"1 HOSPITAL DRIVE","City":"Eufaula","State":"OK","Zip":74432,"RUCA":10.2,"CBSA":"Neither","Medicare Payment":"MDH","Beds":33,"ClosureMonth":"May","ClosureYear":2016},"geometry":{"type":"Point","coordinates":[-95.59191,35.31087]}},{"type":"Feature","properties":{"Count":114,"Hospital":"Memorial Hospital & Physician Group","Address":"319 EAST JOSEPHINE","City":"Frederick","State":"OK","Zip":73542,"RUCA":7.1,"CBSA":"Neither","Medicare Payment":"SCH","Beds":37,"ClosureMonth":"March","ClosureYear":2016},"geometry":{"type":"Point","coordinates":[-99.01365,34.40351]}},{"type":"Feature","properties":{"Count":115,"Hospital":"SoutheastHEALTH Center of Reynolds County","Address":"100 HWY 21 N","City":"Ellington","State":"MO","Zip":63638,"RUCA":2,"CBSA":"Neither","Medicare Payment":"CAH","Beds":21,"ClosureMonth":"March","ClosureYear":2016},"geometry":{"type":"Point","coordinates":[-90.96151,37.24166]}},{"type":"Feature","properties":{"Count":116,"Hospital":"Quitman County Hospital","Address":"340 GETWELL DRIVE","City":"Marks","State":"MS","Zip":38646,"RUCA":10.1,"CBSA":"Neither","Medicare Payment":"CAH","Beds":25,"ClosureMonth":"September","ClosureYear":2016},"geometry":{"type":"Point","coordinates":[-90.27738,34.24691]}},{"type":"Feature","properties":{"Count":117,"Hospital":"New Horizons Medical Center","Address":"330 ROLAND AVENUE","City":"Owenton","State":"KY","Zip":40359,"RUCA":10.2,"CBSA":"Neither","Medicare Payment":"CAH","Beds":25,"ClosureMonth":"February","ClosureYear":2016},"geometry":{"type":"Point","coordinates":[-84.84112,38.54221]}},{"type":"Feature","properties":{"Count":118,"Hospital":"St. Mary’s Hospital","Address":"111  SPRING STREET","City":"Streator","State":"IL","Zip":61364,"RUCA":4,"CBSA":"Micro","Medicare Payment":"PPS","Beds":94,"ClosureMonth":"January","ClosureYear":2016},"geometry":{"type":"Point","coordinates":[-88.83465,41.11352]}},{"type":"Feature","properties":{"Count":119,"Hospital":"North Georgia Medical Center","Address":"1362 SOUTH MAIN STREET","City":"Ellijay","State":"GA","Zip":30540,"RUCA":7,"CBSA":"Neither","Medicare Payment":"PPS","Beds":40,"ClosureMonth":"June","ClosureYear":2016},"geometry":{"type":"Point","coordinates":[-84.49358,34.67856]}},{"type":"Feature","properties":{"Count":120,"Hospital":"Weimar Medical Center","Address":"400 YOUENS DR","City":"Weimar","State":"TX","Zip":78962,"RUCA":10.1,"CBSA":"Neither","Medicare Payment":"PPS","Beds":38,"ClosureMonth":"November","ClosureYear":2017},"geometry":{"type":"Point","coordinates":[-96.78782,29.69325]}},{"type":"Feature","properties":{"Count":121,"Hospital":"Pioneer Community Hospital of Patrick County","Address":"18688 JEB STUART HIGHWAY","City":"Stuart","State":"VA","Zip":24171,"RUCA":6,"CBSA":"Neither","Medicare Payment":"CAH","Beds":25,"ClosureMonth":"September","ClosureYear":2017},"geometry":{"type":"Point","coordinates":[-80.25496,36.64636]}},{"type":"Feature","properties":{"Count":122,"Hospital":"Sandhills Regional Med Ctr","Address":"1000 WEST HAMLET AVENUE","City":"Hamlet","State":"NC","Zip":28345,"RUCA":4,"CBSA":"Micro","Medicare Payment":"PPS","Beds":64,"ClosureMonth":"November","ClosureYear":2017},"geometry":{"type":"Point","coordinates":[-79.70868,34.90174]}},{"type":"Feature","properties":{"Count":123,"Hospital":"Lake Shore Health Care Center – TLC Network","Address":"845 ROUTES 5 AND 20","City":"Irving","State":"NY","Zip":14081,"RUCA":10.1,"CBSA":"Micro","Medicare Payment":"PPS","Beds":25,"ClosureMonth":"November","ClosureYear":2017},"geometry":{"type":"Point","coordinates":[-79.12635,42.55861]}},{"type":"Feature","properties":{"Count":124,"Hospital":"East Texas Medical Center-Trinity","Address":"317 PROSPECT DR/PO BOX 3169","City":"Trinity","State":"TX","Zip":75862,"RUCA":7.2,"CBSA":"Micro","Medicare Payment":"MDH","Beds":45,"ClosureMonth":"August","ClosureYear":2017},"geometry":{"type":"Point","coordinates":[-95.38138,30.95716]}},{"type":"Feature","properties":{"Count":125,"Hospital":"Care Regional Medical Ctr","Address":"1711 W WHEELER AVENUE","City":"Aransas Pass","State":"TX","Zip":78336,"RUCA":4.1,"CBSA":"Metro","Medicare Payment":"PPS","Beds":63,"ClosureMonth":"August","ClosureYear":2017},"geometry":{"type":"Point","coordinates":[-97.16245,27.91525]}},{"type":"Feature","properties":{"Count":126,"Hospital":"Copper Basin Medical Center","Address":"HIGHWAY 68","City":"Copperhill","State":"TN","Zip":37317,"RUCA":10.1,"CBSA":"Metro","Medicare Payment":"CAH","Beds":21,"ClosureMonth":"May","ClosureYear":2017},"geometry":{"type":"Point","coordinates":[-84.37037,34.98843]}},{"type":"Feature","properties":{"Count":127,"Hospital":"Our Community Hospital","Address":"921 JUNIOR HIGH ROAD","City":"Scotland Neck","State":"NC","Zip":27874,"RUCA":10.1,"CBSA":"Micro","Medicare Payment":"CAH","Beds":20,"ClosureMonth":"December","ClosureYear":2017},"geometry":{"type":"Point","coordinates":[-77.42945,36.12939]}},{"type":"Feature","properties":{"Count":128,"Hospital":"Davie Medical Center – Mocksville","Address":"223 HOSPITAL STREET","City":"Mocksville","State":"NC","Zip":27028,"RUCA":7.1,"CBSA":"Metro","Medicare Payment":"PPS","Beds":10,"ClosureMonth":"March","ClosureYear":2017},"geometry":{"type":"Point","coordinates":[-80.57173,35.8997]}},{"type":"Feature","properties":{"Count":129,"Hospital":"Campbellton-Graceville Hospital","Address":"5429 COLLEGE DR","City":"Graceville","State":"FL","Zip":32440,"RUCA":7.1,"CBSA":"Neither","Medicare Payment":"CAH","Beds":25,"ClosureMonth":"June","ClosureYear":2017},"geometry":{"type":"Point","coordinates":[-85.50669,30.96309]}},{"type":"Feature","properties":{"Count":130,"Hospital":"Little River Healthcare Rockdale Hospital","Address":"1700 BRAZOS","City":"Rockdale","State":"TX","Zip":76567,"RUCA":7.1,"CBSA":"Neither","Medicare Payment":"CAH","Beds":25,"ClosureMonth":"December","ClosureYear":2018},"geometry":{"type":"Point","coordinates":[-97.02035,30.65112]}},{"type":"Feature","properties":{"Count":131,"Hospital":"Little River Healthcare Cameron Hospital","Address":"806 N CROCKETT","City":"Cameron","State":"TX","Zip":76520,"RUCA":7.1,"CBSA":"Neither","Medicare Payment":"PPS","Beds":34,"ClosureMonth":"December","ClosureYear":2018},"geometry":{"type":"Point","coordinates":[-96.97729,30.85734]}},{"type":"Feature","properties":{"Count":132,"Hospital":"Stamford Memorial Hospital","Address":"1601 COLUMBIA STREET","City":"Stamford","State":"TX","Zip":79553,"RUCA":7.1,"CBSA":"Metro","Medicare Payment":"PPS","Beds":22,"ClosureMonth":"July","ClosureYear":2018},"geometry":{"type":"Point","coordinates":[-99.78298,32.92791]}},{"type":"Feature","properties":{"Count":133,"Hospital":"McKenzie Regional Hospital","Address":"161 HOSPITAL DRIVE","City":"McKenzie","State":"TN","Zip":38201,"RUCA":7,"CBSA":"Neither","Medicare Payment":"PPS","Beds":29,"ClosureMonth":"September","ClosureYear":2018},"geometry":{"type":"Point","coordinates":[-88.4894,36.13748]}},{"type":"Feature","properties":{"Count":134,"Hospital":"Sayre Community Hospital","Address":"911 HOSPITAL DRIVE","City":"Sayre","State":"OK","Zip":73662,"RUCA":7.2,"CBSA":"Micro","Medicare Payment":"PPS","Beds":22,"ClosureMonth":"August","ClosureYear":2018},"geometry":{"type":"Point","coordinates":[-99.62551,35.31309]}},{"type":"Feature","properties":{"Count":135,"Hospital":"Fairfield Memorial Hospital","Address":"321 BYPASS PO BOX 620","City":"Winnsboro","State":"SC","Zip":29180,"RUCA":2,"CBSA":"Metro","Medicare Payment":"CAH","Beds":25,"ClosureMonth":"December","ClosureYear":2018},"geometry":{"type":"Point","coordinates":[-81.10038,34.36666]}},{"type":"Feature","properties":{"Count":136,"Hospital":"Pauls Valley General Hosp","Address":"100 VALLEY DRIVE","City":"Pauls Valley","State":"OK","Zip":73075,"RUCA":7,"CBSA":"Neither","Medicare Payment":"SCH","Beds":64,"ClosureMonth":"October","ClosureYear":2018},"geometry":{"type":"Point","coordinates":[-97.21473,34.71948]}},{"type":"Feature","properties":{"Count":137,"Hospital":"Latimer County General Hospital","Address":"806 STATE HIGHWAY 2 NORTH","City":"Wilburton","State":"OK","Zip":74578,"RUCA":7,"CBSA":"Neither","Medicare Payment":"MDH","Beds":33,"ClosureMonth":"October","ClosureYear":2018},"geometry":{"type":"Point","coordinates":[-95.32072,34.91946]}},{"type":"Feature","properties":{"Count":138,"Hospital":"Moses-Ludington Hospital","Address":"1019 WICKER STREET","City":"Ticonderoga","State":"NY","Zip":12883,"RUCA":7,"CBSA":"Neither","Medicare Payment":"CAH","Beds":25,"ClosureMonth":"April","ClosureYear":2018},"geometry":{"type":"Point","coordinates":[-73.43728,43.84941]}},{"type":"Feature","properties":{"Count":139,"Hospital":"Southeast Health Center of Ripley County","Address":"109 PLUM ST","City":"Doniphan","State":"MO","Zip":63935,"RUCA":10.2,"CBSA":"Neither","Medicare Payment":"MDH","Beds":21,"ClosureMonth":"October","ClosureYear":2018},"geometry":{"type":"Point","coordinates":[-90.82589,36.6214]}},{"type":"Feature","properties":{"Count":140,"Hospital":"Twin Rivers Regional Medical Center","Address":"1301 FIRST ST","City":"Kennett","State":"MO","Zip":63857,"RUCA":4,"CBSA":"Micro","Medicare Payment":"PPS","Beds":100,"ClosureMonth":"June","ClosureYear":2018},"geometry":{"type":"Point","coordinates":[-90.04116,36.23519]}},{"type":"Feature","properties":{"Count":141,"Hospital":"Mercy Hospital Fort Scott","Address":"401 WOODLAND HILLS BLVD","City":"Fort Scott","State":"KS","Zip":66701,"RUCA":7,"CBSA":"Neither","Medicare Payment":"MDH","Beds":43,"ClosureMonth":"December","ClosureYear":2018},"geometry":{"type":"Point","coordinates":[-94.71151,37.8062]}},{"type":"Feature","properties":{"Count":142,"Hospital":"Coalinga Regional Medical Center","Address":"1191 PHELPS AVENUE","City":"Coalinga","State":"CA","Zip":93210,"RUCA":4,"CBSA":"Metro","Medicare Payment":"SCH","Beds":22,"ClosureMonth":"May","ClosureYear":2018},"geometry":{"type":"Point","coordinates":[-120.34095,36.15257]}},{"type":"Feature","properties":{"Count":143,"Hospital":"Adventist Health Feather River","Address":"5974 PENTZ ROAD","City":"Paradise","State":"CA","Zip":95969,"RUCA":4.1,"CBSA":"Metro","Medicare Payment":"MDH","Beds":100,"ClosureMonth":"November","ClosureYear":2018},"geometry":{"type":"Point","coordinates":[-121.57093,39.75679]}},{"type":"Feature","properties":{"Count":144,"Hospital":"Doctors Hospital at Deer Creek","Address":"815 SOUTH 10TH STREET","City":"Leesville","State":"LA","Zip":71446,"RUCA":7,"CBSA":"Micro","Medicare Payment":"PPS","Beds":10,"ClosureMonth":"January","ClosureYear":2019},"geometry":{"type":"Point","coordinates":[-93.26863,31.13571]}},{"type":"Feature","properties":{"Count":145,"Hospital":"Oswego Community Hosp","Address":"800 BARKER DRIVE","City":"Oswego","State":"KS","Zip":67356,"RUCA":10.2,"CBSA":"Micro","Medicare Payment":"CAH","Beds":12,"ClosureMonth":"February","ClosureYear":2019},"geometry":{"type":"Point","coordinates":[-95.1111,37.15918]}},{"type":"Feature","properties":{"Count":146,"Hospital":"I-70 Community Hospital","Address":"105 HOSPITAL DRIVE, BUILDING B","City":"Sweet Springs","State":"MO","Zip":65351,"RUCA":10,"CBSA":"Micro","Medicare Payment":"CAH","Beds":15,"ClosureMonth":"February","ClosureYear":2019},"geometry":{"type":"Point","coordinates":[-93.41682,38.97885]}},{"type":"Feature","properties":{"Count":147,"Hospital":"Horton Community Hospital","Address":"240 WEST 18TH STREET","City":"Horton","State":"KS","Zip":66439,"RUCA":10.3,"CBSA":"Neither","Medicare Payment":"CAH","Beds":15,"ClosureMonth":"March","ClosureYear":2019},"geometry":{"type":"Point","coordinates":[-95.53053,39.67328]}},{"type":"Feature","properties":{"Count":148,"Hospital":"Georgiana Medical Center","Address":"515 N MIRANDA AVENUE","City":"Georgiana","State":"AL","Zip":36033,"RUCA":10,"CBSA":"Neither","Medicare Payment":"MDH","Beds":22,"ClosureMonth":"March","ClosureYear":2019},"geometry":{"type":"Point","coordinates":[-86.743,31.63634]}},{"type":"Feature","properties":{"Count":149,"Hospital":"Takoma Regional Hospital","Address":"1420 TUSCULUM BOULEVARD","City":"Greeneville","State":"TN","Zip":37745,"RUCA":4,"CBSA":"Micro","Medicare Payment":"MDH","Beds":73,"ClosureMonth":"April","ClosureYear":2019},"geometry":{"type":"Point","coordinates":[-82.78987,36.17378]}},{"type":"Feature","properties":{"Count":150,"Hospital":"Mercy Hospital El Reno","Address":"2115 PARKVIEW DRIVE","City":"El Reno","State":"OK","Zip":73036,"RUCA":4.1,"CBSA":"Metro","Medicare Payment":"PPS","Beds":48,"ClosureMonth":"April","ClosureYear":2019},"geometry":{"type":"Point","coordinates":[-97.98031,35.53063]}},{"type":"Feature","properties":{"Count":151,"Hospital":"De Queen Medical Center","Address":"1306 WEST COLLIN RAYE DRIVE","City":"De Queen","State":"AR","Zip":71832,"RUCA":7,"CBSA":"Neither","Medicare Payment":"CAH","Beds":25,"ClosureMonth":"May","ClosureYear":2019},"geometry":{"type":"Point","coordinates":[-94.35316,34.04811]}},{"type":"Feature","properties":{"Count":152,"Hospital":"Jamestown Regional Medical Center","Address":"436 CENTRAL AVENUE WEST","City":"Jamestown","State":"TN","Zip":38556,"RUCA":10.2,"CBSA":"Neither","Medicare Payment":"SCH","Beds":54,"ClosureMonth":"June","ClosureYear":2019},"geometry":{"type":"Point","coordinates":[-84.94309,36.43229]}},{"type":"Feature","properties":{"Count":153,"Hospital":"Albert Lea - Mayo Clinic Health System","Address":"404 WEST FOUNTAIN STREET","City":"Albert Lea","State":"MN","Zip":56007,"RUCA":4,"CBSA":"Micro","Medicare Payment":"SCH","Beds":142,"ClosureMonth":"June","ClosureYear":2019},"geometry":{"type":"Point","coordinates":[-93.37223,43.65255]}},{"type":"Feature","properties":{"Count":154,"Hospital":"Fayette Regional Health System","Address":"1941 VIRGINIA AVE","City":"Connersville","State":"IN","Zip":47331,"RUCA":4,"CBSA":"Micro","Medicare Payment":"PPS","Beds":45,"ClosureMonth":"July","ClosureYear":2019},"geometry":{"type":"Point","coordinates":[-85.13267,39.65622]}},{"type":"Feature","properties":{"Count":155,"Hospital":"Regional General Hospital","Address":"125 SW 7TH ST","City":"Williston","State":"FL","Zip":32696,"RUCA":2,"CBSA":"Neither","Medicare Payment":"PPS","Beds":20,"ClosureMonth":"June","ClosureYear":2019},"geometry":{"type":"Point","coordinates":[-82.45522,29.38405]}},{"type":"Feature","properties":{"Count":156,"Hospital":"Chillicothe Hospital","Address":"303 AVENUE I","City":"Chillicothe","State":"TX","Zip":79225,"RUCA":10.2,"CBSA":"Neither","Medicare Payment":"CAH","Beds":21,"ClosureMonth":"July","ClosureYear":2019},"geometry":{"type":"Point","coordinates":[-99.51564,34.25498]}},{"type":"Feature","properties":{"Count":157,"Hospital":"Sitka Community Hospital","Address":"209 MOLLER DRIVE","City":"Sitka","State":"AK","Zip":99835,"RUCA":7,"CBSA":"Neither","Medicare Payment":"CAH","Beds":12,"ClosureMonth":"July","ClosureYear":2019},"geometry":{"type":"Point","coordinates":[-135.34569,57.05915]}},{"type":"Feature","properties":{"Count":158,"Hospital":"Hamlin Memorial Hospital","Address":"632 N W SECOND STREET","City":"Hamlin","State":"TX","Zip":79520,"RUCA":10.1,"CBSA":"Metro","Medicare Payment":"MDH","Beds":25,"ClosureMonth":"July","ClosureYear":2019},"geometry":{"type":"Point","coordinates":[-100.13508,32.88571]}},{"type":"Feature","properties":{"Count":159,"Hospital":"Texas General - Van Zandt Regional Medical Center","Address":"707 N WALDRIP ST","City":"Grand Saline","State":"TX","Zip":75140,"RUCA":7,"CBSA":"Neither","Medicare Payment":"PPS","Beds":1,"ClosureMonth":"August","ClosureYear":2019},"geometry":{"type":"Point","coordinates":[-95.72202,32.67919]}},{"type":"Feature","properties":{"Count":160,"Hospital":"Ellwood City Medical Center ","Address":"724 Perishing Street","City":"Ellwood City","State":"PA","Zip":16117,"RUCA":2,"CBSA":"Micro","Medicare Payment":"MDH","Beds":52,"ClosureMonth":"December","ClosureYear":2019},"geometry":{"type":"Point","coordinates":[-80.27454,40.8693]}},{"type":"Feature","properties":{"Count":161,"Hospital":"Pinnacle Regional Hospital","Address":"17651 Hwy B","City":"Boonville","State":"MO","Zip":65233,"RUCA":2,"CBSA":"Neither","Medicare Payment":"PPS","Beds":46,"ClosureMonth":"January","ClosureYear":2020},"geometry":{"type":"Point","coordinates":[-92.74096,38.9441]}},{"type":"Feature","properties":{"Count":162,"Hospital":"Mountain View Regional Hospital","Address":"310 Third Street, NE","City":"Norton","State":"VA","Zip":24273,"RUCA":4,"CBSA":"Micro","Medicare Payment":"PPS","Beds":20,"ClosureMonth":"January","ClosureYear":2020},"geometry":{"type":"Point","coordinates":[-82.62535,36.94448]}},{"type":"Feature","properties":{"Count":163,"Hospital":"UPMC Susquehanna Sunbury","Address":"350 N 11th St","City":"Sunbury","State":"PA","Zip":17801,"RUCA":4,"CBSA":"Micro","Medicare Payment":"MDH","Beds":70,"ClosureMonth":"January","ClosureYear":2020},"geometry":{"type":"Point","coordinates":[-76.77767,40.8618]}},{"type":"Feature","properties":{"Count":164,"Hospital":"Central Hospital of Bowie","Address":"705 E Greenwood Ave","City":"Bowie","State":"TX","Zip":76230,"RUCA":7,"CBSA":"Neither","Medicare Payment":"MDH","Beds":37,"ClosureMonth":"February","ClosureYear":2020},"geometry":{"type":"Point","coordinates":[-97.8346,33.56218]}},{"type":"Feature","properties":{"Count":165,"Hospital":"Mayo Clinic Health System-Springfield","Address":"625 Jackson Ave N","City":"Springfield","State":"MN","Zip":56087,"RUCA":10,"CBSA":"Micro","Medicare Payment":"CAH","Beds":24,"ClosureMonth":"March","ClosureYear":2020},"geometry":{"type":"Point","coordinates":[-94.97147,44.24642]}},{"type":"Feature","properties":{"Count":166,"Hospital":"Edward W. McCready Memorial Hospital","Address":"201 Hall Hwy","City":"Crisfield","State":"MD","Zip":21817,"RUCA":10,"CBSA":"Metro","Medicare Payment":"PPS","Beds":3,"ClosureMonth":"March","ClosureYear":2020},"geometry":{"type":"Point","coordinates":[-75.85261,37.99716]}},{"type":"Feature","properties":{"Count":167,"Hospital":"Sumner Community Hospital","Address":"1323 North A Street","City":"Wellington","State":"KS","Zip":67152,"RUCA":7,"CBSA":"Metro","Medicare Payment":"PPS","Beds":42,"ClosureMonth":"March","ClosureYear":2020},"geometry":{"type":"Point","coordinates":[-97.39305,37.27847]}},{"type":"Feature","properties":{"Count":168,"Hospital":"Decatur County General Hospital","Address":"969 Tennessee Ave S","City":"Parsons","State":"TN","Zip":38363,"RUCA":10,"CBSA":"Neither","Medicare Payment":"MDH","Beds":40,"ClosureMonth":"April","ClosureYear":2020},"geometry":{"type":"Point","coordinates":[-88.12219,35.63606]}},{"type":"Feature","properties":{"Count":169,"Hospital":"Williamson Memorial Hospital","Address":"859 Alderson St","City":"Williamson","State":"WV","Zip":25661,"RUCA":7,"CBSA":"Neither","Medicare Payment":"PPS","Beds":27,"ClosureMonth":"April","ClosureYear":2020},"geometry":{"type":"Point","coordinates":[-82.272538,37.678538]}},{"type":"Feature","properties":{"Count":170,"Hospital":"Shands Starke Regional Medical Center","Address":"922 E Call St","City":"Starke","State":"FL","Zip":32091,"RUCA":2,"CBSA":"Neither","Medicare Payment":"CAH","Beds":25,"ClosureMonth":"April","ClosureYear":2020},"geometry":{"type":"Point","coordinates":[-82.10175,29.94109]}},{"type":"Feature","properties":{"Count":171,"Hospital":"Shands Live Oak Regional Medical Center","Address":"1100 SW 11th St","City":"Live Oak","State":"FL","Zip":32060,"RUCA":7,"CBSA":"Neither","Medicare Payment":"CAH","Beds":25,"ClosureMonth":"April","ClosureYear":2020},"geometry":{"type":"Point","coordinates":[-83.00294,30.29106]}},{"type":"Feature","properties":{"Count":172,"Hospital":"St. Luke's Cushing Hospital","Address":"711 Marshall St","City":"Leavenworth","State":"KS","Zip":66048,"RUCA":4,"CBSA":"Metro","Medicare Payment":"PPS","Beds":24,"ClosureMonth":"July","ClosureYear":2020},"geometry":{"type":"Point","coordinates":[-94.91822,39.30737]}},{"type":"Feature","properties":{"Count":173,"Hospital":"Bluefield Regional Medical Center","Address":"500 Cherry St","City":"Bluefield","State":"WV","Zip":24701,"RUCA":4,"CBSA":"Micro","Medicare Payment":"MDH","Beds":57,"ClosureMonth":"July","ClosureYear":2020},"geometry":{"type":"Point","coordinates":[-81.23543,37.25589]}},{"type":"Feature","properties":{"Count":174,"Hospital":"Cumberland River Hospital","Address":"100 OLD JEFFERSON ST","City":"Celina","State":"TN","Zip":38551,"RUCA":6,"CBSA":"Neither","Medicare Payment":"PPS","Beds":1,"ClosureMonth":"August","ClosureYear":2020},"geometry":{"type":"Point","coordinates":[-85.50082,36.54469]}},{"type":"Feature","properties":{"Count":175,"Hospital":"Shands Lake Shore Regional Medical Center","Address":"368 NE FRANKLIN ST","City":"LAKE CITY","State":"FL","Zip":32055,"RUCA":4,"CBSA":"Micro","Medicare Payment":"PPS","Beds":87,"ClosureMonth":"August","ClosureYear":2020},"geometry":{"type":"Point","coordinates":[-82.63267,30.1933]}},{"type":"Feature","properties":{"Count":176,"Hospital":"Southwest Georgia Regional Medical Center","Address":"361 Randolph St","City":"Cuthbert","State":"GA","Zip":39840,"RUCA":7,"CBSA":"Neither","Medicare Payment":"CAH","Beds":25,"ClosureMonth":"October","ClosureYear":2020},"geometry":{"type":"Point","coordinates":[-84.79356,31.77528]}},{"type":"Feature","properties":{"Count":177,"Hospital":"Northridge Medical Center","Address":"70 Medical Center Dr","City":"Commerce","State":"GA","Zip":30529,"RUCA":7,"CBSA":"Micro","Medicare Payment":"PPS","Beds":27,"ClosureMonth":"October","ClosureYear":2020},"geometry":{"type":"Point","coordinates":[-83.46889,34.21922]}},{"type":"Feature","properties":{"Count":178,"Hospital":"Acoma-Canonocito-Laguna Service Unit","Address":"80B Veterans Blvd","City":"Acoma","State":"NM","Zip":87034,"RUCA":2,"CBSA":"Micro","Medicare Payment":"IHS","Beds":6,"ClosureMonth":"November","ClosureYear":2020},"geometry":{"type":"Point","coordinates":[-107.57027,35.06874]}},{"type":"Feature","properties":{"Count":179,"Hospital":"Perry Community Hospital","Address":"2718 Squirrel Hollow Drive","City":"Linden","State":"TN","Zip":37096,"RUCA":10,"CBSA":"Neither","Medicare Payment":"PPS","Beds":25,"ClosureMonth":"November","ClosureYear":2020},"geometry":{"type":"Point","coordinates":[-87.86385,35.59225]}},{"type":"Feature","properties":{"Count":180,"Hospital":"Jellico Medical Center","Address":"188 HOSPITAL LANE","City":"JELLICO","State":"TN","Zip":37762,"RUCA":10,"CBSA":"Metro","Medicare Payment":"PPS","Beds":54,"ClosureMonth":"November","ClosureYear":2020},"geometry":{"type":"Point","coordinates":[-84.128029,36.573738]}}]}